90087578;ET BROSKYNA;
90087530;ET CITRON;
90020322;NATIVA;
8594003847820;TONIC;
8586011330517;VINEA CERVENA;
8586011330500;VIENA BIELA;
8595231208629;RC COLA;
8594008040936;7UP;
8594003844775;ORANGINA;
90169199;BRUSNICA;
90169717;MARHULA;
9002490100070;REDBULL;
90424380;SIMPLY COLA;
90020247;C.RIBEZLA;
90169724;BROSKYNA;
90169748;MULTI;
90169557;GREP;
90087172;MANGO;
90169762;JABLKO;
90020940;JAHODA;
90169168;POMARANC;
85815490;R SYTENA;
85815506;R J. SYTENA;
85815513;R. NESYTENA;
3830065020203;RADENSKA;
8593870001151;PITO;
8586000982680;STRONGBOW;
8593870001670;SAMS DARK;
75032814;CORONA;
8586000983243;RADLER;
3155930006015;DESPERADOS;
;;
;;
8594001441365;Absinth 70% 0,7l;
8002230000012;Aperol 11% 1l;
3052910050344;B.Curacao Liquer 20% 0,7l;
5010677012850;Bacardi Rum 37,5% 1l;
5011013100156;Baileys 17% 0,7l;
5010106111956;Ballantines Finest 40% 1l;
5000329002278;Befeeater Gin 40% 1l;
8594405101063;Becherovka 38% 1l;
5000281033273;Captain Morgan Black Spiced 40% 1l;
5000299223055;Captain Morgan Spiced 35% 1l;
7594003620059;Diplomático 40% 0,7l;
8594005011069;Fernet Citrus 27% 1l;
8594005017801;Fernet Stock 38% 1l;
6412700021027;Finlandia Vodka 40% 1l;
8716000966575;Galliano Liquer 30% 0,7l;
8501110080255;Havana club 40% 1l;
3245990250203;Henessy v.s.  40% 0,7l;
8586005336518;Hru‰ka Spi‰ Originál 40% 0,7l;
080432402931;Chivas Regal 40% 0,7l;
5099873045367;Jack Daniels 40% 1l;
5099873046968;Jack Daniels Honey 40% 1l;
5011007003227;Jameson 40% 1l;
4067700014009;Jägermeister 35% 1l;
5010196092142;Jim Beam White 40% 1L;
5000267013602;Johnie Walker Red 40% 1l;
7610594454399;Kahlua Liquer 20% 0,7l;
8588002356087;Karloff Tatratea 52% 0,7l;
8588002356520;Karloff Tatratea 72% 0,7l;
8586015320415;Karpatské Brandy ·peciál 40% 0,7l;
8586015320491;Karpatské KB 40% 0,7l;
8410024700015;Malibu 21% 0,7l;
8586005336600;Marhuºa Spi‰ Originál 40% 0,7l;
8588001571870;MB Bo‰ácka slivovica 52% 0,7l;
5202795120115;Metaxa 5* 38% 0,7l;
8585001380853;Mlieãny likér s van. prích. 17% 0,5l;
3052910056100;Monin Grenadine 1l;
8588001571900;MS Bo‰ácka hru‰kovica 52% 0,7l;
8586000131873;Nicolaus Vodka 38% 1l;
080432402207;Olmeca Tequila Blanco 38% 1l;
080432402634;Olmeca Tequila Reposado 38% 1l;
8586000135086;Pepermint. likér 25% 1l;
721733100088;Pyrat XO 40% 0.7l;
8586005336587;Slivka Spi‰ Originál 40% 0,7l;
8586000672307;Spi‰ská Boroviãka 40% 0,7l;
8586012722359;Slovenská Boroviãka 35% 1l;
9001700000032;Stroh 80% 0,5l;
5011026108019;Tullamore Dew 40% 1l;
7401005008580;Zacapa 23 Anos 40% 0,7l;